N21DCCN000|Jane|Doe|NU|90232319|D18CQCP01
N20DCCN000|Jack|Jack|NAM|9020769|D18CQCP03
N19DCCN843|Cloe|Drees|NU|2148999|D18CQCP03
N19DCCN701|Uta|O'Sheils|NAM|0550861|D18CQCP03
N19DCCN601|Pietrek|Greve|NU|2765725|D18CQCP04
N19DCCN588|Nikos|Figin|NAM|6370507|D18CQCP02
N19DCCN000|Joe|Joe|NU|9020769|D18CQCP02
N18DCCN999|Hunfredo|Fairweather|NU|7666545|D18CQCP02
N18DCCN650|Willette|Arnolds|NU|9836179|D18CQCP02
N18DCCN376|A|T|NAM|9102415|D18CQCP02
N18DCCN214|N|Thien|NAM|01234953|D18CQCP02
N18DCCN212|Z|Thien|NAM|01919920|D18CQCP02
N18DCCN200|Ngo|T|NU|4083487|D18CQCP02
N18DCCN178|Do|Tam|NU|4083487|D18CQCP02
N18DCCN037|Mayer|Basilotta|NU|2731730|D18CQCP01
N18DCCN000|Adolf|Hitman|NU|2731730|D18CQCP01
N17DCCN874|Riobard|McCulley|NU|3133580|D18CQCP01
N17DCCN562|Jere|Gladbeck|NU|3258385|D18CQCP01
N17DCCN000|Riccardo|Bedingfield|NU|6253387|D18CQCP01
N16DCCN893|Lianna|Lafflin|NAM|9100364|D18CQCP03
N16DCCN474|Loni|Pidgen|NU|6552763|D18CQCP04
N16DCCN336|Sigismond|Vink|NAM|5884463|D18CQCP01
N16DCCN228|Kaylyn|Phillpot|NAM|5419031|D18CQCP04
N16DCCN144|Elicia|Cornish|NU|6342381|D18CQCP01
N16DCCN007|Delcina|Piggins|NAM|0221878|D18CQCP01
N16DCCN000|Captain|America|NAM|0221878|D18CQCP01
N15DCCN959|Lance|Bigglestone|NAM|5215541|D18CQCP04
N15DCCN883|Cathee|Ragbourne|NU|9877304|D18CQCP01
N15DCCN879|Minerva|Houltham|NU|8739821|D18CQCP05
N15DCCN639|Garvey|Moultrie|NAM|0084791|D18CQCP01
N15DCCN546|Delcina|Hampton|NU|4598375|D18CQCP01
N15DCCN457|Konstantine|Macrae|NU|2043265|D18CQCP01
N15DCCN303|Culley|Patterfield|NU|6671878|D18CQCP05
N15DCCN220|Egan|Duligall|NAM|0051458|D18CQCP05
N15DCCN074|Ivonne|Fernanando|NU|4964593|D18CQCP05
N14DCCN876|Terri|Ambrose|NU|5253024|D18CQCP05
